create database empleados;

use empleados;

CREATE TABLE EMPLEADO
(
	CODIGO INTEGER(10),
	NIF VARCHAR(9),
	NOMBRE VARCHAR(100),
	APELLIDO1 VARCHAR(100),
	APELLIDO2 VARCHAR(100),
	CODIGO_DEPARTAMENTO INTEGER(10),
	
	CONSTRAINT PK_EMPLEADO PRIMARY KEY (CODIGO)
);

CREATE TABLE DEPARTAMENTO
(
	CODIGO INTEGER(10),
	NOMBRE VARCHAR(100),
	PRESUPUESTO DECIMAL(10,2),
	GASTOS DECIMAL(10,2),
	
	CONSTRAINT PK_DEPARTAMENTO PRIMARY KEY (CODIGO)
);

ALTER TABLE EMPLEADO ADD CONSTRAINT FK_CODIGO_DEPARTAMENTO FOREIGN KEY (CODIGO_DEPARTAMENTO) REFERENCES DEPARTAMENTO(CODIGO);

INSERT INTO DEPARTAMENTO VALUES (1, 'Desarrollo', 120000, 6000);
INSERT INTO DEPARTAMENTO VALUES (2, 'Sistemas', 150000, 21000);
INSERT INTO DEPARTAMENTO VALUES (3, 'Recursos Humanos', 280000, 25000);
INSERT INTO DEPARTAMENTO VALUES (4, 'Contabilidad', 110000, 3000);
INSERT INTO DEPARTAMENTO VALUES (5, 'I+D', 375000, 380000);
INSERT INTO DEPARTAMENTO VALUES (6, 'Proyectos', 0, 0);
INSERT INTO DEPARTAMENTO VALUES (7, 'Publicidad', 0, 1000);

INSERT INTO EMPLEADO VALUES (1, '32481596F', 'Aarón', 'Rivero', 'Gómez', 1);
INSERT INTO EMPLEADO VALUES (2, 'Y5575632D', 'Adela', 'Salas', 'Díaz', 2);
INSERT INTO EMPLEADO VALUES (3, 'R6970642B', 'Adolfo', 'Rubio', 'Flores', 3);
INSERT INTO EMPLEADO VALUES (4, '77705545E', 'Adrián', 'Suárez', NULL, 4);
INSERT INTO EMPLEADO VALUES (5, '17087203C', 'Marcos', 'Loyola', 'Méndez', 5);
INSERT INTO EMPLEADO VALUES (6, '38382980M', 'María', 'Santana', 'Moreno', 1);
INSERT INTO EMPLEADO VALUES (7, '80576669X', 'Pilar', 'Ruiz', NULL, 2);
INSERT INTO EMPLEADO VALUES (8, '71651431Z', 'Pepe', 'Ruiz', 'Santana', 3);
INSERT INTO EMPLEADO VALUES (9, '56399183D', 'Juan', 'Gómez', 'López', 2);
INSERT INTO EMPLEADO VALUES (10, '46384486H', 'Diego','Flores', 'Salas', 5);
INSERT INTO EMPLEADO VALUES (11, '67389283A', 'Marta','Herrera', 'Gil', 1);
INSERT INTO EMPLEADO VALUES (12, '41234836R', 'Irene','Salas', 'Flores', NULL);
INSERT INTO EMPLEADO VALUES (13, '82635162B', 'Juan Antonio','Sáez', 'Guerrero', NULL);

INSERT INTO DEPARTAMENTO (CODIGO, NOMBRE, PRESUPUESTO) VALUES (55,'Testeo',50000);



INSERT INTO DEPARTAMENTO VALUES (66,'Atencion al cliente',0,0);

INSERT INTO EMPLEADO VALUES (30,'12345678A','Antonio','Banderas',NULL,66);

#ejer5

CREATE TABLE DEPARTAMENTO_BACKUP
(
	CODIGO INTEGER(10),
	NOMBRE VARCHAR(100),
	PRESUPUESTO DECIMAL(10,2),
	GASTOS DECIMAL(10,2),
	
	CONSTRAINT PK_DEPARTAMENTO_BACKUP PRIMARY KEY (CODIGO)
);

INSERT INTO DEPARTAMENTO_BACKUP VALUES (1, 'Desarrollo', 120000, 6000);
INSERT INTO DEPARTAMENTO_BACKUP VALUES (2, 'Sistemas', 150000, 21000);
INSERT INTO DEPARTAMENTO_BACKUP VALUES (3, 'Recursos Humanos', 280000, 25000);
INSERT INTO DEPARTAMENTO_BACKUP VALUES (4, 'Contabilidad', 110000, 3000);
INSERT INTO DEPARTAMENTO_BACKUP VALUES (5, 'I+D', 375000, 380000);
INSERT INTO DEPARTAMENTO_BACKUP VALUES (6, 'Proyectos', 0, 0);
INSERT INTO DEPARTAMENTO_BACKUP VALUES (7, 'Publicidad', 0, 1000);

DELETE FROM DEPARTAMENTO WHERE NOMBRE LIKE 'Proyectos';

SET FOREIGN_KEY_CHECKS = 0;
DELETE FROM DEPARTAMENTO WHERE NOMBRE LIKE 'Desarrollo';

UPDATE DEPARTAMENTO SET CODIGO = 30 WHERE NOMBRE = 'Recursos Humanos';

UPDATE DEPARTAMENTO SET CODIGO = 40 WHERE NOMBRE = 'Publicidad';

UPDATE DEPARTAMENTO SET PRESUPUESTO = PRESUPUESTO + 50000 WHERE PRESUPUESTO < 20000;

DELETE FROM EMPLEADO WHERE CODIGO_DEPARTAMENTO = NULL ; #no va


